"Demographic dependency ratio";"761";"Helsinki";"091";"combined";1990;41.6;
"Demographic dependency ratio";"761";"Helsinki";"091";"combined";1991;41.6;
"Demographic dependency ratio";"761";"Helsinki";"091";"combined";1992;41.9;
"Demographic dependency ratio";"761";"Helsinki";"091";"combined";1993;41.9;
"Demographic dependency ratio";"761";"Helsinki";"091";"combined";1994;41.9;
"Demographic dependency ratio";"761";"Helsinki";"091";"combined";1995;41.8;
"Demographic dependency ratio";"761";"Helsinki";"091";"combined";1996;41.6;
"Demographic dependency ratio";"761";"Helsinki";"091";"combined";1997;41.2;
"Demographic dependency ratio";"761";"Helsinki";"091";"combined";1998;40.6;
"Demographic dependency ratio";"761";"Helsinki";"091";"combined";1999;40.2;
"Demographic dependency ratio";"761";"Helsinki";"091";"combined";2000;39.9;
"Demographic dependency ratio";"761";"Helsinki";"091";"combined";2001;39.5;
"Demographic dependency ratio";"761";"Helsinki";"091";"combined";2002;39.5;
"Demographic dependency ratio";"761";"Helsinki";"091";"combined";2003;39.5;
"Demographic dependency ratio";"761";"Helsinki";"091";"combined";2004;39.5;
"Demographic dependency ratio";"761";"Helsinki";"091";"combined";2005;39.2;
"Demographic dependency ratio";"761";"Helsinki";"091";"combined";2006;39.2;
"Demographic dependency ratio";"761";"Helsinki";"091";"combined";2007;38.7;
"Demographic dependency ratio";"761";"Helsinki";"091";"combined";2008;38.8;
"Demographic dependency ratio";"761";"Helsinki";"091";"combined";2009;39.1;
"Demographic dependency ratio";"761";"Helsinki";"091";"combined";2010;39.9;
"Demographic dependency ratio";"761";"Helsinki";"091";"combined";2011;40.8;
"Demographic dependency ratio";"761";"Helsinki";"091";"combined";2012;41.6;
"Demographic dependency ratio";"761";"Helsinki";"091";"combined";2013;42.6;
"Demographic dependency ratio";"761";"Helsinki";"091";"combined";2014;43.4;
"Demographic dependency ratio";"761";"Helsinki";"091";"combined";2015;44.0;
"Demographic dependency ratio";"761";"Helsinki";"091";"combined";2016;44.5;
"Demographic dependency ratio";"761";"Helsinki";"091";"combined";2017;45.2;
"Demographic dependency ratio";"761";"Helsinki";"091";"combined";2018;45.6;
"Demographic dependency ratio";"761";"Helsinki";"091";"combined";2019;46.1;
"Demographic dependency ratio";"761";"Helsinki";"091";"combined";2020;46.5;
"Demographic dependency ratio";"761";"Helsinki";"091";"combined";2021;46.9;
"Demographic dependency ratio";"761";"Helsinki";"091";"combined";2022;46.8;
"Demographic dependency ratio";"761";"Helsinki";"091";"combined";2023;46.4;
"Demographic dependency ratio";"761";"Helsinki";"091";"combined";2024;46.2;
"Population aged 0-1 as % of total population";"547";"Helsinki";"091";"combined";1990;2.4;11972
"Population aged 0-1 as % of total population";"547";"Helsinki";"091";"combined";1991;2.5;12357
"Population aged 0-1 as % of total population";"547";"Helsinki";"091";"combined";1992;2.6;12849
"Population aged 0-1 as % of total population";"547";"Helsinki";"091";"combined";1993;2.6;13059
"Population aged 0-1 as % of total population";"547";"Helsinki";"091";"combined";1994;2.5;12989
"Population aged 0-1 as % of total population";"547";"Helsinki";"091";"combined";1995;2.5;13005
"Population aged 0-1 as % of total population";"547";"Helsinki";"091";"combined";1996;2.4;12636
"Population aged 0-1 as % of total population";"547";"Helsinki";"091";"combined";1997;2.3;12301
"Population aged 0-1 as % of total population";"547";"Helsinki";"091";"combined";1998;2.2;12052
"Population aged 0-1 as % of total population";"547";"Helsinki";"091";"combined";1999;2.2;11889
"Population aged 0-1 as % of total population";"547";"Helsinki";"091";"combined";2000;2.1;11884
"Population aged 0-1 as % of total population";"547";"Helsinki";"091";"combined";2001;2.1;11673
"Population aged 0-1 as % of total population";"547";"Helsinki";"091";"combined";2002;2.0;11388
"Population aged 0-1 as % of total population";"547";"Helsinki";"091";"combined";2003;2.0;11455
"Population aged 0-1 as % of total population";"547";"Helsinki";"091";"combined";2004;2.1;11606
"Population aged 0-1 as % of total population";"547";"Helsinki";"091";"combined";2005;2.1;11499
"Population aged 0-1 as % of total population";"547";"Helsinki";"091";"combined";2006;2.1;11603
"Population aged 0-1 as % of total population";"547";"Helsinki";"091";"combined";2007;2.1;11699
"Population aged 0-1 as % of total population";"547";"Helsinki";"091";"combined";2008;2.1;11967
"Population aged 0-1 as % of total population";"547";"Helsinki";"091";"combined";2009;2.1;12530
"Population aged 0-1 as % of total population";"547";"Helsinki";"091";"combined";2010;2.2;12746
"Population aged 0-1 as % of total population";"547";"Helsinki";"091";"combined";2011;2.2;12993
"Population aged 0-1 as % of total population";"547";"Helsinki";"091";"combined";2012;2.2;13005
"Population aged 0-1 as % of total population";"547";"Helsinki";"091";"combined";2013;2.2;13282
"Population aged 0-1 as % of total population";"547";"Helsinki";"091";"combined";2014;2.2;13534
"Population aged 0-1 as % of total population";"547";"Helsinki";"091";"combined";2015;2.2;13644
"Population aged 0-1 as % of total population";"547";"Helsinki";"091";"combined";2016;2.1;13489
"Population aged 0-1 as % of total population";"547";"Helsinki";"091";"combined";2017;2.1;13245
"Population aged 0-1 as % of total population";"547";"Helsinki";"091";"combined";2018;2.0;12748
"Population aged 0-1 as % of total population";"547";"Helsinki";"091";"combined";2019;1.9;12443
"Population aged 0-1 as % of total population";"547";"Helsinki";"091";"combined";2020;1.9;12622
"Population aged 0-1 as % of total population";"547";"Helsinki";"091";"combined";2021;2.0;13091
"Population aged 0-1 as % of total population";"547";"Helsinki";"091";"combined";2022;1.9;12715
"Population aged 0-1 as % of total population";"547";"Helsinki";"091";"combined";2023;1.8;11995
"Population aged 0-1 as % of total population";"547";"Helsinki";"091";"combined";2024;1.8;12143
"Population aged 0-14 as % of total population";"1064";"Helsinki";"091";"combined";1990;15.0;73962
"Population aged 0-14 as % of total population";"1064";"Helsinki";"091";"combined";1991;15.1;75134
"Population aged 0-14 as % of total population";"1064";"Helsinki";"091";"combined";1992;15.3;76792
"Population aged 0-14 as % of total population";"1064";"Helsinki";"091";"combined";1993;15.5;78657
"Population aged 0-14 as % of total population";"1064";"Helsinki";"091";"combined";1994;15.5;80193
"Population aged 0-14 as % of total population";"1064";"Helsinki";"091";"combined";1995;15.6;81998
"Population aged 0-14 as % of total population";"1064";"Helsinki";"091";"combined";1996;15.6;83189
"Population aged 0-14 as % of total population";"1064";"Helsinki";"091";"combined";1997;15.5;83606
"Population aged 0-14 as % of total population";"1064";"Helsinki";"091";"combined";1998;15.4;83988
"Population aged 0-14 as % of total population";"1064";"Helsinki";"091";"combined";1999;15.2;83999
"Population aged 0-14 as % of total population";"1064";"Helsinki";"091";"combined";2000;15.1;83782
"Population aged 0-14 as % of total population";"1064";"Helsinki";"091";"combined";2001;14.9;83636
"Population aged 0-14 as % of total population";"1064";"Helsinki";"091";"combined";2002;14.9;83146
"Population aged 0-14 as % of total population";"1064";"Helsinki";"091";"combined";2003;14.7;82322
"Population aged 0-14 as % of total population";"1064";"Helsinki";"091";"combined";2004;14.5;81228
"Population aged 0-14 as % of total population";"1064";"Helsinki";"091";"combined";2005;14.3;80030
"Population aged 0-14 as % of total population";"1064";"Helsinki";"091";"combined";2006;14.0;78962
"Population aged 0-14 as % of total population";"1064";"Helsinki";"091";"combined";2007;13.7;78084
"Population aged 0-14 as % of total population";"1064";"Helsinki";"091";"combined";2008;13.6;78077
"Population aged 0-14 as % of total population";"1064";"Helsinki";"091";"combined";2009;13.6;79213
"Population aged 0-14 as % of total population";"1064";"Helsinki";"091";"combined";2010;13.5;79702
"Population aged 0-14 as % of total population";"1064";"Helsinki";"091";"combined";2011;13.6;80773
"Population aged 0-14 as % of total population";"1064";"Helsinki";"091";"combined";2012;13.6;82186
"Population aged 0-14 as % of total population";"1064";"Helsinki";"091";"combined";2013;13.7;84154
"Population aged 0-14 as % of total population";"1064";"Helsinki";"091";"combined";2014;13.9;86020
"Population aged 0-14 as % of total population";"1064";"Helsinki";"091";"combined";2015;14.0;87908
"Population aged 0-14 as % of total population";"1064";"Helsinki";"091";"combined";2016;14.1;89672
"Population aged 0-14 as % of total population";"1064";"Helsinki";"091";"combined";2017;14.3;91743
"Population aged 0-14 as % of total population";"1064";"Helsinki";"091";"combined";2018;14.3;92718
"Population aged 0-14 as % of total population";"1064";"Helsinki";"091";"combined";2019;14.3;93557
"Population aged 0-14 as % of total population";"1064";"Helsinki";"091";"combined";2020;14.3;94116
"Population aged 0-14 as % of total population";"1064";"Helsinki";"091";"combined";2021;14.3;94335
"Population aged 0-14 as % of total population";"1064";"Helsinki";"091";"combined";2022;14.2;94585
"Population aged 0-14 as % of total population";"1064";"Helsinki";"091";"combined";2023;14.1;95195
"Population aged 0-14 as % of total population";"1064";"Helsinki";"091";"combined";2024;14.0;95775
"Population aged 0-15 as % of total population";"166";"Helsinki";"091";"combined";1990;16.0;78572
"Population aged 0-15 as % of total population";"166";"Helsinki";"091";"combined";1991;16.0;79764
"Population aged 0-15 as % of total population";"166";"Helsinki";"091";"combined";1992;16.2;81283
"Population aged 0-15 as % of total population";"166";"Helsinki";"091";"combined";1993;16.4;83262
"Population aged 0-15 as % of total population";"166";"Helsinki";"091";"combined";1994;16.4;84813
"Population aged 0-15 as % of total population";"166";"Helsinki";"091";"combined";1995;16.5;86604
"Population aged 0-15 as % of total population";"166";"Helsinki";"091";"combined";1996;16.5;87913
"Population aged 0-15 as % of total population";"166";"Helsinki";"091";"combined";1997;16.4;88684
"Population aged 0-15 as % of total population";"166";"Helsinki";"091";"combined";1998;16.3;89041
"Population aged 0-15 as % of total population";"166";"Helsinki";"091";"combined";1999;16.1;88914
"Population aged 0-15 as % of total population";"166";"Helsinki";"091";"combined";2000;16.0;88807
"Population aged 0-15 as % of total population";"166";"Helsinki";"091";"combined";2001;15.8;88424
"Population aged 0-15 as % of total population";"166";"Helsinki";"091";"combined";2002;15.8;88167
"Population aged 0-15 as % of total population";"166";"Helsinki";"091";"combined";2003;15.7;87683
"Population aged 0-15 as % of total population";"166";"Helsinki";"091";"combined";2004;15.5;86744
"Population aged 0-15 as % of total population";"166";"Helsinki";"091";"combined";2005;15.3;85630
"Population aged 0-15 as % of total population";"166";"Helsinki";"091";"combined";2006;15.0;84693
"Population aged 0-15 as % of total population";"166";"Helsinki";"091";"combined";2007;14.7;83776
"Population aged 0-15 as % of total population";"166";"Helsinki";"091";"combined";2008;14.6;83705
"Population aged 0-15 as % of total population";"166";"Helsinki";"091";"combined";2009;14.5;84848
"Population aged 0-15 as % of total population";"166";"Helsinki";"091";"combined";2010;14.5;85222
"Population aged 0-15 as % of total population";"166";"Helsinki";"091";"combined";2011;14.4;85969
"Population aged 0-15 as % of total population";"166";"Helsinki";"091";"combined";2012;14.5;87406
"Population aged 0-15 as % of total population";"166";"Helsinki";"091";"combined";2013;14.6;89191
"Population aged 0-15 as % of total population";"166";"Helsinki";"091";"combined";2014;14.7;91002
"Population aged 0-15 as % of total population";"166";"Helsinki";"091";"combined";2015;14.8;93054
"Population aged 0-15 as % of total population";"166";"Helsinki";"091";"combined";2016;14.9;94606
"Population aged 0-15 as % of total population";"166";"Helsinki";"091";"combined";2017;15.0;96716
"Population aged 0-15 as % of total population";"166";"Helsinki";"091";"combined";2018;15.1;98052
"Population aged 0-15 as % of total population";"166";"Helsinki";"091";"combined";2019;15.1;98938
"Population aged 0-15 as % of total population";"166";"Helsinki";"091";"combined";2020;15.2;99609
"Population aged 0-15 as % of total population";"166";"Helsinki";"091";"combined";2021;15.2;100095
"Population aged 0-15 as % of total population";"166";"Helsinki";"091";"combined";2022;15.1;100405
"Population aged 0-15 as % of total population";"166";"Helsinki";"091";"combined";2023;15.0;101443
"Population aged 0-15 as % of total population";"166";"Helsinki";"091";"combined";2024;14.9;102220
"Population aged 0-17 as % of total population";"1065";"Helsinki";"091";"combined";1990;17.7;87011
"Population aged 0-17 as % of total population";"1065";"Helsinki";"091";"combined";1991;17.9;88932
"Population aged 0-17 as % of total population";"1065";"Helsinki";"091";"combined";1992;18.1;90676
"Population aged 0-17 as % of total population";"1065";"Helsinki";"091";"combined";1993;18.2;92670
"Population aged 0-17 as % of total population";"1065";"Helsinki";"091";"combined";1994;18.3;94324
"Population aged 0-17 as % of total population";"1065";"Helsinki";"091";"combined";1995;18.3;96252
"Population aged 0-17 as % of total population";"1065";"Helsinki";"091";"combined";1996;18.3;97511
"Population aged 0-17 as % of total population";"1065";"Helsinki";"091";"combined";1997;18.2;98405
"Population aged 0-17 as % of total population";"1065";"Helsinki";"091";"combined";1998;18.2;99253
"Population aged 0-17 as % of total population";"1065";"Helsinki";"091";"combined";1999;18.0;99463
"Population aged 0-17 as % of total population";"1065";"Helsinki";"091";"combined";2000;17.9;99172
"Population aged 0-17 as % of total population";"1065";"Helsinki";"091";"combined";2001;17.6;98778
"Population aged 0-17 as % of total population";"1065";"Helsinki";"091";"combined";2002;17.6;98322
"Population aged 0-17 as % of total population";"1065";"Helsinki";"091";"combined";2003;17.5;97830
"Population aged 0-17 as % of total population";"1065";"Helsinki";"091";"combined";2004;17.4;97410
"Population aged 0-17 as % of total population";"1065";"Helsinki";"091";"combined";2005;17.3;96794
"Population aged 0-17 as % of total population";"1065";"Helsinki";"091";"combined";2006;17.0;96112
"Population aged 0-17 as % of total population";"1065";"Helsinki";"091";"combined";2007;16.8;95423
"Population aged 0-17 as % of total population";"1065";"Helsinki";"091";"combined";2008;16.6;95446
"Population aged 0-17 as % of total population";"1065";"Helsinki";"091";"combined";2009;16.6;96590
"Population aged 0-17 as % of total population";"1065";"Helsinki";"091";"combined";2010;16.5;96932
"Population aged 0-17 as % of total population";"1065";"Helsinki";"091";"combined";2011;16.4;97545
"Population aged 0-17 as % of total population";"1065";"Helsinki";"091";"combined";2012;16.3;98529
"Population aged 0-17 as % of total population";"1065";"Helsinki";"091";"combined";2013;16.3;100023
"Population aged 0-17 as % of total population";"1065";"Helsinki";"091";"combined";2014;16.4;101643
"Population aged 0-17 as % of total population";"1065";"Helsinki";"091";"combined";2015;16.5;103530
"Population aged 0-17 as % of total population";"1065";"Helsinki";"091";"combined";2016;16.6;105240
"Population aged 0-17 as % of total population";"1065";"Helsinki";"091";"combined";2017;16.7;107349
"Population aged 0-17 as % of total population";"1065";"Helsinki";"091";"combined";2018;16.7;108526
"Population aged 0-17 as % of total population";"1065";"Helsinki";"091";"combined";2019;16.8;109750
"Population aged 0-17 as % of total population";"1065";"Helsinki";"091";"combined";2020;16.9;110820
"Population aged 0-17 as % of total population";"1065";"Helsinki";"091";"combined";2021;16.9;111531
"Population aged 0-17 as % of total population";"1065";"Helsinki";"091";"combined";2022;16.9;112280
"Population aged 0-17 as % of total population";"1065";"Helsinki";"091";"combined";2023;16.9;113768
"Population aged 0-17 as % of total population";"1065";"Helsinki";"091";"combined";2024;16.8;114985
"Population aged 0-18 as % of total population";"1066";"Helsinki";"091";"combined";1990;18.6;91374
"Population aged 0-18 as % of total population";"1066";"Helsinki";"091";"combined";1991;18.7;93021
"Population aged 0-18 as % of total population";"1066";"Helsinki";"091";"combined";1992;19.0;95240
"Population aged 0-18 as % of total population";"1066";"Helsinki";"091";"combined";1993;19.2;97523
"Population aged 0-18 as % of total population";"1066";"Helsinki";"091";"combined";1994;19.3;99294
"Population aged 0-18 as % of total population";"1066";"Helsinki";"091";"combined";1995;19.3;101239
"Population aged 0-18 as % of total population";"1066";"Helsinki";"091";"combined";1996;19.3;102546
"Population aged 0-18 as % of total population";"1066";"Helsinki";"091";"combined";1997;19.2;103499
"Population aged 0-18 as % of total population";"1066";"Helsinki";"091";"combined";1998;19.1;104369
"Population aged 0-18 as % of total population";"1066";"Helsinki";"091";"combined";1999;19.0;104596
"Population aged 0-18 as % of total population";"1066";"Helsinki";"091";"combined";2000;18.8;104687
"Population aged 0-18 as % of total population";"1066";"Helsinki";"091";"combined";2001;18.6;104263
"Population aged 0-18 as % of total population";"1066";"Helsinki";"091";"combined";2002;18.5;103677
"Population aged 0-18 as % of total population";"1066";"Helsinki";"091";"combined";2003;18.5;103230
"Population aged 0-18 as % of total population";"1066";"Helsinki";"091";"combined";2004;18.3;102568
"Population aged 0-18 as % of total population";"1066";"Helsinki";"091";"combined";2005;18.2;102183
"Population aged 0-18 as % of total population";"1066";"Helsinki";"091";"combined";2006;18.0;101809
"Population aged 0-18 as % of total population";"1066";"Helsinki";"091";"combined";2007;17.8;101327
"Population aged 0-18 as % of total population";"1066";"Helsinki";"091";"combined";2008;17.7;101521
"Population aged 0-18 as % of total population";"1066";"Helsinki";"091";"combined";2009;17.6;102776
"Population aged 0-18 as % of total population";"1066";"Helsinki";"091";"combined";2010;17.5;103074
"Population aged 0-18 as % of total population";"1066";"Helsinki";"091";"combined";2011;17.4;103651
"Population aged 0-18 as % of total population";"1066";"Helsinki";"091";"combined";2012;17.3;104645
"Population aged 0-18 as % of total population";"1066";"Helsinki";"091";"combined";2013;17.3;106027
"Population aged 0-18 as % of total population";"1066";"Helsinki";"091";"combined";2014;17.3;107235
"Population aged 0-18 as % of total population";"1066";"Helsinki";"091";"combined";2015;17.4;109139
"Population aged 0-18 as % of total population";"1066";"Helsinki";"091";"combined";2016;17.4;110655
"Population aged 0-18 as % of total population";"1066";"Helsinki";"091";"combined";2017;17.5;112848
"Population aged 0-18 as % of total population";"1066";"Helsinki";"091";"combined";2018;17.6;114149
"Population aged 0-18 as % of total population";"1066";"Helsinki";"091";"combined";2019;17.6;115224
"Population aged 0-18 as % of total population";"1066";"Helsinki";"091";"combined";2020;17.7;116274
"Population aged 0-18 as % of total population";"1066";"Helsinki";"091";"combined";2021;17.8;117422
"Population aged 0-18 as % of total population";"1066";"Helsinki";"091";"combined";2022;17.8;118266
"Population aged 0-18 as % of total population";"1066";"Helsinki";"091";"combined";2023;17.8;119875
"Population aged 0-18 as % of total population";"1066";"Helsinki";"091";"combined";2024;17.8;121543
"Population aged 0-6 as % of total population";"7";"Helsinki";"091";"combined";1990;7.5;36920
"Population aged 0-6 as % of total population";"7";"Helsinki";"091";"combined";1991;7.6;37985
"Population aged 0-6 as % of total population";"7";"Helsinki";"091";"combined";1992;7.8;39257
"Population aged 0-6 as % of total population";"7";"Helsinki";"091";"combined";1993;8.0;40789
"Population aged 0-6 as % of total population";"7";"Helsinki";"091";"combined";1994;8.1;41931
"Population aged 0-6 as % of total population";"7";"Helsinki";"091";"combined";1995;8.1;42763
"Population aged 0-6 as % of total population";"7";"Helsinki";"091";"combined";1996;8.1;42980
"Population aged 0-6 as % of total population";"7";"Helsinki";"091";"combined";1997;7.9;42695
"Population aged 0-6 as % of total population";"7";"Helsinki";"091";"combined";1998;7.7;42164
"Population aged 0-6 as % of total population";"7";"Helsinki";"091";"combined";1999;7.5;41253
"Population aged 0-6 as % of total population";"7";"Helsinki";"091";"combined";2000;7.3;40306
"Population aged 0-6 as % of total population";"7";"Helsinki";"091";"combined";2001;7.0;39224
"Population aged 0-6 as % of total population";"7";"Helsinki";"091";"combined";2002;6.8;38311
"Population aged 0-6 as % of total population";"7";"Helsinki";"091";"combined";2003;6.8;37784
"Population aged 0-6 as % of total population";"7";"Helsinki";"091";"combined";2004;6.7;37199
"Population aged 0-6 as % of total population";"7";"Helsinki";"091";"combined";2005;6.6;36884
"Population aged 0-6 as % of total population";"7";"Helsinki";"091";"combined";2006;6.5;36854
"Population aged 0-6 as % of total population";"7";"Helsinki";"091";"combined";2007;6.5;36922
"Population aged 0-6 as % of total population";"7";"Helsinki";"091";"combined";2008;6.6;37752
"Population aged 0-6 as % of total population";"7";"Helsinki";"091";"combined";2009;6.7;39170
"Population aged 0-6 as % of total population";"7";"Helsinki";"091";"combined";2010;6.8;40064
"Population aged 0-6 as % of total population";"7";"Helsinki";"091";"combined";2011;6.9;41127
"Population aged 0-6 as % of total population";"7";"Helsinki";"091";"combined";2012;7.0;42224
"Population aged 0-6 as % of total population";"7";"Helsinki";"091";"combined";2013;7.1;43444
"Population aged 0-6 as % of total population";"7";"Helsinki";"091";"combined";2014;7.2;44553
"Population aged 0-6 as % of total population";"7";"Helsinki";"091";"combined";2015;7.2;45379
"Population aged 0-6 as % of total population";"7";"Helsinki";"091";"combined";2016;7.2;45807
"Population aged 0-6 as % of total population";"7";"Helsinki";"091";"combined";2017;7.2;46033
"Population aged 0-6 as % of total population";"7";"Helsinki";"091";"combined";2018;7.1;45799
"Population aged 0-6 as % of total population";"7";"Helsinki";"091";"combined";2019;6.9;45281
"Population aged 0-6 as % of total population";"7";"Helsinki";"091";"combined";2020;6.8;44722
"Population aged 0-6 as % of total population";"7";"Helsinki";"091";"combined";2021;6.7;44030
"Population aged 0-6 as % of total population";"7";"Helsinki";"091";"combined";2022;6.5;43187
"Population aged 0-6 as % of total population";"7";"Helsinki";"091";"combined";2023;6.4;42912
"Population aged 0-6 as % of total population";"7";"Helsinki";"091";"combined";2024;6.3;42922
"Population aged 15-64 as % of total population";"1067";"Helsinki";"091";"combined";1990;70.6;347764
"Population aged 15-64 as % of total population";"1067";"Helsinki";"091";"combined";1991;70.6;351412
"Population aged 15-64 as % of total population";"1067";"Helsinki";"091";"combined";1992;70.5;353440
"Population aged 15-64 as % of total population";"1067";"Helsinki";"091";"combined";1993;70.5;358338
"Population aged 15-64 as % of total population";"1067";"Helsinki";"091";"combined";1994;70.5;363357
"Population aged 15-64 as % of total population";"1067";"Helsinki";"091";"combined";1995;70.5;370288
"Population aged 15-64 as % of total population";"1067";"Helsinki";"091";"combined";1996;70.6;375720
"Population aged 15-64 as % of total population";"1067";"Helsinki";"091";"combined";1997;70.8;382070
"Population aged 15-64 as % of total population";"1067";"Helsinki";"091";"combined";1998;71.1;388558
"Population aged 15-64 as % of total population";"1067";"Helsinki";"091";"combined";1999;71.3;393088
"Population aged 15-64 as % of total population";"1067";"Helsinki";"091";"combined";2000;71.5;397126
"Population aged 15-64 as % of total population";"1067";"Helsinki";"091";"combined";2001;71.7;401211
"Population aged 15-64 as % of total population";"1067";"Helsinki";"091";"combined";2002;71.7;401244
"Population aged 15-64 as % of total population";"1067";"Helsinki";"091";"combined";2003;71.7;401080
"Population aged 15-64 as % of total population";"1067";"Helsinki";"091";"combined";2004;71.7;400819
"Population aged 15-64 as % of total population";"1067";"Helsinki";"091";"combined";2005;71.9;403013
"Population aged 15-64 as % of total population";"1067";"Helsinki";"091";"combined";2006;71.8;405581
"Population aged 15-64 as % of total population";"1067";"Helsinki";"091";"combined";2007;72.1;409766
"Population aged 15-64 as % of total population";"1067";"Helsinki";"091";"combined";2008;72.0;413961
"Population aged 15-64 as % of total population";"1067";"Helsinki";"091";"combined";2009;71.9;419346
"Population aged 15-64 as % of total population";"1067";"Helsinki";"091";"combined";2010;71.5;420781
"Population aged 15-64 as % of total population";"1067";"Helsinki";"091";"combined";2011;71.0;422926
"Population aged 15-64 as % of total population";"1067";"Helsinki";"091";"combined";2012;70.6;426402
"Population aged 15-64 as % of total population";"1067";"Helsinki";"091";"combined";2013;70.1;429682
"Population aged 15-64 as % of total population";"1067";"Helsinki";"091";"combined";2014;69.8;432986
"Population aged 15-64 as % of total population";"1067";"Helsinki";"091";"combined";2015;69.4;436236
"Population aged 15-64 as % of total population";"1067";"Helsinki";"091";"combined";2016;69.2;439517
"Population aged 15-64 as % of total population";"1067";"Helsinki";"091";"combined";2017;68.9;443161
"Population aged 15-64 as % of total population";"1067";"Helsinki";"091";"combined";2018;68.7;445021
"Population aged 15-64 as % of total population";"1067";"Helsinki";"091";"combined";2019;68.5;447660
"Population aged 15-64 as % of total population";"1067";"Helsinki";"091";"combined";2020;68.3;448498
"Population aged 15-64 as % of total population";"1067";"Helsinki";"091";"combined";2021;68.1;448140
"Population aged 15-64 as % of total population";"1067";"Helsinki";"091";"combined";2022;68.1;452284
"Population aged 15-64 as % of total population";"1067";"Helsinki";"091";"combined";2023;68.3;460666
"Population aged 15-64 as % of total population";"1067";"Helsinki";"091";"combined";2024;68.4;467768
"Population aged 16-18 as % of total population";"545";"Helsinki";"091";"combined";1990;2.6;12802
"Population aged 16-18 as % of total population";"545";"Helsinki";"091";"combined";1991;2.7;13257
"Population aged 16-18 as % of total population";"545";"Helsinki";"091";"combined";1992;2.8;13957
"Population aged 16-18 as % of total population";"545";"Helsinki";"091";"combined";1993;2.8;14261
"Population aged 16-18 as % of total population";"545";"Helsinki";"091";"combined";1994;2.8;14481
"Population aged 16-18 as % of total population";"545";"Helsinki";"091";"combined";1995;2.8;14635
"Population aged 16-18 as % of total population";"545";"Helsinki";"091";"combined";1996;2.8;14633
"Population aged 16-18 as % of total population";"545";"Helsinki";"091";"combined";1997;2.7;14815
"Population aged 16-18 as % of total population";"545";"Helsinki";"091";"combined";1998;2.8;15328
"Population aged 16-18 as % of total population";"545";"Helsinki";"091";"combined";1999;2.8;15682
"Population aged 16-18 as % of total population";"545";"Helsinki";"091";"combined";2000;2.9;15880
"Population aged 16-18 as % of total population";"545";"Helsinki";"091";"combined";2001;2.8;15839
"Population aged 16-18 as % of total population";"545";"Helsinki";"091";"combined";2002;2.8;15510
"Population aged 16-18 as % of total population";"545";"Helsinki";"091";"combined";2003;2.8;15547
"Population aged 16-18 as % of total population";"545";"Helsinki";"091";"combined";2004;2.8;15824
"Population aged 16-18 as % of total population";"545";"Helsinki";"091";"combined";2005;3.0;16553
"Population aged 16-18 as % of total population";"545";"Helsinki";"091";"combined";2006;3.0;17116
"Population aged 16-18 as % of total population";"545";"Helsinki";"091";"combined";2007;3.1;17551
"Population aged 16-18 as % of total population";"545";"Helsinki";"091";"combined";2008;3.1;17816
"Population aged 16-18 as % of total population";"545";"Helsinki";"091";"combined";2009;3.1;17928
"Population aged 16-18 as % of total population";"545";"Helsinki";"091";"combined";2010;3.0;17852
"Population aged 16-18 as % of total population";"545";"Helsinki";"091";"combined";2011;3.0;17682
"Population aged 16-18 as % of total population";"545";"Helsinki";"091";"combined";2012;2.9;17239
"Population aged 16-18 as % of total population";"545";"Helsinki";"091";"combined";2013;2.7;16836
"Population aged 16-18 as % of total population";"545";"Helsinki";"091";"combined";2014;2.6;16233
"Population aged 16-18 as % of total population";"545";"Helsinki";"091";"combined";2015;2.6;16085
"Population aged 16-18 as % of total population";"545";"Helsinki";"091";"combined";2016;2.5;16049
"Population aged 16-18 as % of total population";"545";"Helsinki";"091";"combined";2017;2.5;16132
"Population aged 16-18 as % of total population";"545";"Helsinki";"091";"combined";2018;2.5;16097
"Population aged 16-18 as % of total population";"545";"Helsinki";"091";"combined";2019;2.5;16286
"Population aged 16-18 as % of total population";"545";"Helsinki";"091";"combined";2020;2.5;16665
"Population aged 16-18 as % of total population";"545";"Helsinki";"091";"combined";2021;2.6;17327
"Population aged 16-18 as % of total population";"545";"Helsinki";"091";"combined";2022;2.7;17861
"Population aged 16-18 as % of total population";"545";"Helsinki";"091";"combined";2023;2.7;18432
"Population aged 16-18 as % of total population";"545";"Helsinki";"091";"combined";2024;2.8;19323
"Population aged 16-24 as % of total population";"168";"Helsinki";"091";"combined";1990;11.3;55630
"Population aged 16-24 as % of total population";"168";"Helsinki";"091";"combined";1991;10.9;54341
"Population aged 16-24 as % of total population";"168";"Helsinki";"091";"combined";1992;10.5;52566
"Population aged 16-24 as % of total population";"168";"Helsinki";"091";"combined";1993;10.5;53293
"Population aged 16-24 as % of total population";"168";"Helsinki";"091";"combined";1994;10.7;55168
"Population aged 16-24 as % of total population";"168";"Helsinki";"091";"combined";1995;11.0;57623
"Population aged 16-24 as % of total population";"168";"Helsinki";"091";"combined";1996;11.2;59672
"Population aged 16-24 as % of total population";"168";"Helsinki";"091";"combined";1997;11.5;61972
"Population aged 16-24 as % of total population";"168";"Helsinki";"091";"combined";1998;11.8;64639
"Population aged 16-24 as % of total population";"168";"Helsinki";"091";"combined";1999;12.0;66059
"Population aged 16-24 as % of total population";"168";"Helsinki";"091";"combined";2000;12.0;66664
"Population aged 16-24 as % of total population";"168";"Helsinki";"091";"combined";2001;12.0;67065
"Population aged 16-24 as % of total population";"168";"Helsinki";"091";"combined";2002;11.8;66194
"Population aged 16-24 as % of total population";"168";"Helsinki";"091";"combined";2003;11.8;65832
"Population aged 16-24 as % of total population";"168";"Helsinki";"091";"combined";2004;11.8;65784
"Population aged 16-24 as % of total population";"168";"Helsinki";"091";"combined";2005;11.9;66757
"Population aged 16-24 as % of total population";"168";"Helsinki";"091";"combined";2006;12.0;68024
"Population aged 16-24 as % of total population";"168";"Helsinki";"091";"combined";2007;12.2;69125
"Population aged 16-24 as % of total population";"168";"Helsinki";"091";"combined";2008;12.2;70191
"Population aged 16-24 as % of total population";"168";"Helsinki";"091";"combined";2009;12.1;70695
"Population aged 16-24 as % of total population";"168";"Helsinki";"091";"combined";2010;12.1;71387
"Population aged 16-24 as % of total population";"168";"Helsinki";"091";"combined";2011;12.1;72330
"Population aged 16-24 as % of total population";"168";"Helsinki";"091";"combined";2012;12.1;73117
"Population aged 16-24 as % of total population";"168";"Helsinki";"091";"combined";2013;11.9;72712
"Population aged 16-24 as % of total population";"168";"Helsinki";"091";"combined";2014;11.6;71767
"Population aged 16-24 as % of total population";"168";"Helsinki";"091";"combined";2015;11.2;70576
"Population aged 16-24 as % of total population";"168";"Helsinki";"091";"combined";2016;10.9;69332
"Population aged 16-24 as % of total population";"168";"Helsinki";"091";"combined";2017;10.6;68089
"Population aged 16-24 as % of total population";"168";"Helsinki";"091";"combined";2018;10.2;66347
"Population aged 16-24 as % of total population";"168";"Helsinki";"091";"combined";2019;10.0;65265
"Population aged 16-24 as % of total population";"168";"Helsinki";"091";"combined";2020;9.8;64677
"Population aged 16-24 as % of total population";"168";"Helsinki";"091";"combined";2021;9.9;64916
"Population aged 16-24 as % of total population";"168";"Helsinki";"091";"combined";2022;10.0;66168
"Population aged 16-24 as % of total population";"168";"Helsinki";"091";"combined";2023;10.1;68087
"Population aged 16-24 as % of total population";"168";"Helsinki";"091";"combined";2024;10.2;69860
"Population aged 16-64 as % of total population";"1280";"Helsinki";"091";"combined";1990;69.7;343154
"Population aged 16-64 as % of total population";"1280";"Helsinki";"091";"combined";1991;69.7;346782
"Population aged 16-64 as % of total population";"1280";"Helsinki";"091";"combined";1992;69.6;348949
"Population aged 16-64 as % of total population";"1280";"Helsinki";"091";"combined";1993;69.6;353733
"Population aged 16-64 as % of total population";"1280";"Helsinki";"091";"combined";1994;69.6;358737
"Population aged 16-64 as % of total population";"1280";"Helsinki";"091";"combined";1995;69.6;365682
"Population aged 16-64 as % of total population";"1280";"Helsinki";"091";"combined";1996;69.7;370996
"Population aged 16-64 as % of total population";"1280";"Helsinki";"091";"combined";1997;69.9;376992
"Population aged 16-64 as % of total population";"1280";"Helsinki";"091";"combined";1998;70.2;383505
"Population aged 16-64 as % of total population";"1280";"Helsinki";"091";"combined";1999;70.4;388173
"Population aged 16-64 as % of total population";"1280";"Helsinki";"091";"combined";2000;70.6;392101
"Population aged 16-64 as % of total population";"1280";"Helsinki";"091";"combined";2001;70.8;396423
"Population aged 16-64 as % of total population";"1280";"Helsinki";"091";"combined";2002;70.8;396223
"Population aged 16-64 as % of total population";"1280";"Helsinki";"091";"combined";2003;70.7;395719
"Population aged 16-64 as % of total population";"1280";"Helsinki";"091";"combined";2004;70.7;395303
"Population aged 16-64 as % of total population";"1280";"Helsinki";"091";"combined";2005;70.9;397413
"Population aged 16-64 as % of total population";"1280";"Helsinki";"091";"combined";2006;70.8;399850
"Population aged 16-64 as % of total population";"1280";"Helsinki";"091";"combined";2007;71.1;404074
"Population aged 16-64 as % of total population";"1280";"Helsinki";"091";"combined";2008;71.1;408333
"Population aged 16-64 as % of total population";"1280";"Helsinki";"091";"combined";2009;70.9;413711
"Population aged 16-64 as % of total population";"1280";"Helsinki";"091";"combined";2010;70.6;415261
"Population aged 16-64 as % of total population";"1280";"Helsinki";"091";"combined";2011;70.2;417730
"Population aged 16-64 as % of total population";"1280";"Helsinki";"091";"combined";2012;69.7;421182
"Population aged 16-64 as % of total population";"1280";"Helsinki";"091";"combined";2013;69.3;424645
"Population aged 16-64 as % of total population";"1280";"Helsinki";"091";"combined";2014;69.0;428004
"Population aged 16-64 as % of total population";"1280";"Helsinki";"091";"combined";2015;68.6;431090
"Population aged 16-64 as % of total population";"1280";"Helsinki";"091";"combined";2016;68.4;434583
"Population aged 16-64 as % of total population";"1280";"Helsinki";"091";"combined";2017;68.1;438188
"Population aged 16-64 as % of total population";"1280";"Helsinki";"091";"combined";2018;67.8;439687
"Population aged 16-64 as % of total population";"1280";"Helsinki";"091";"combined";2019;67.6;442279
"Population aged 16-64 as % of total population";"1280";"Helsinki";"091";"combined";2020;67.4;443005
"Population aged 16-64 as % of total population";"1280";"Helsinki";"091";"combined";2021;67.2;442380
"Population aged 16-64 as % of total population";"1280";"Helsinki";"091";"combined";2022;67.2;446464
"Population aged 16-64 as % of total population";"1280";"Helsinki";"091";"combined";2023;67.4;454418
"Population aged 16-64 as % of total population";"1280";"Helsinki";"091";"combined";2024;67.4;461323
"Population aged 18 and over as % of total population";"165";"Helsinki";"091";"combined";1990;82.3;405389
"Population aged 18 and over as % of total population";"165";"Helsinki";"091";"combined";1991;82.1;408610
"Population aged 18 and over as % of total population";"165";"Helsinki";"091";"combined";1992;81.9;410838
"Population aged 18 and over as % of total population";"165";"Helsinki";"091";"combined";1993;81.8;415918
"Population aged 18 and over as % of total population";"165";"Helsinki";"091";"combined";1994;81.7;421441
"Population aged 18 and over as % of total population";"165";"Helsinki";"091";"combined";1995;81.7;428779
"Population aged 18 and over as % of total population";"165";"Helsinki";"091";"combined";1996;81.7;434542
"Population aged 18 and over as % of total population";"165";"Helsinki";"091";"combined";1997;81.8;440958
"Population aged 18 and over as % of total population";"165";"Helsinki";"091";"combined";1998;81.8;447064
"Population aged 18 and over as % of total population";"165";"Helsinki";"091";"combined";1999;82.0;451660
"Population aged 18 and over as % of total population";"165";"Helsinki";"091";"combined";2000;82.1;456302
"Population aged 18 and over as % of total population";"165";"Helsinki";"091";"combined";2001;82.4;460940
"Population aged 18 and over as % of total population";"165";"Helsinki";"091";"combined";2002;82.4;461394
"Population aged 18 and over as % of total population";"165";"Helsinki";"091";"combined";2003;82.5;461500
"Population aged 18 and over as % of total population";"165";"Helsinki";"091";"combined";2004;82.6;461636
"Population aged 18 and over as % of total population";"165";"Helsinki";"091";"combined";2005;82.7;464111
"Population aged 18 and over as % of total population";"165";"Helsinki";"091";"combined";2006;83.0;468409
"Population aged 18 and over as % of total population";"165";"Helsinki";"091";"combined";2007;83.2;473108
"Population aged 18 and over as % of total population";"165";"Helsinki";"091";"combined";2008;83.4;479118
"Population aged 18 and over as % of total population";"165";"Helsinki";"091";"combined";2009;83.4;486760
"Population aged 18 and over as % of total population";"165";"Helsinki";"091";"combined";2010;83.5;491617
"Population aged 18 and over as % of total population";"165";"Helsinki";"091";"combined";2011;83.6;497839
"Population aged 18 and over as % of total population";"165";"Helsinki";"091";"combined";2012;83.7;505439
"Population aged 18 and over as % of total population";"165";"Helsinki";"091";"combined";2013;83.7;512641
"Population aged 18 and over as % of total population";"165";"Helsinki";"091";"combined";2014;83.6;519072
"Population aged 18 and over as % of total population";"165";"Helsinki";"091";"combined";2015;83.5;524678
"Population aged 18 and over as % of total population";"165";"Helsinki";"091";"combined";2016;83.4;529941
"Population aged 18 and over as % of total population";"165";"Helsinki";"091";"combined";2017;83.3;535923
"Population aged 18 and over as % of total population";"165";"Helsinki";"091";"combined";2018;83.3;539516
"Population aged 18 and over as % of total population";"165";"Helsinki";"091";"combined";2019;83.2;544085
"Population aged 18 and over as % of total population";"165";"Helsinki";"091";"combined";2020;83.1;546100
"Population aged 18 and over as % of total population";"165";"Helsinki";"091";"combined";2021;83.1;546926
"Population aged 18 and over as % of total population";"165";"Helsinki";"091";"combined";2022;83.1;551748
"Population aged 18 and over as % of total population";"165";"Helsinki";"091";"combined";2023;83.1;560732
"Population aged 18 and over as % of total population";"165";"Helsinki";"091";"combined";2024;83.2;569033
"Population aged 18-64 as % of total population";"206";"Helsinki";"091";"combined";1990;68.0;334715
"Population aged 18-64 as % of total population";"206";"Helsinki";"091";"combined";1991;67.9;337614
"Population aged 18-64 as % of total population";"206";"Helsinki";"091";"combined";1992;67.7;339556
"Population aged 18-64 as % of total population";"206";"Helsinki";"091";"combined";1993;67.7;344325
"Population aged 18-64 as % of total population";"206";"Helsinki";"091";"combined";1994;67.7;349226
"Population aged 18-64 as % of total population";"206";"Helsinki";"091";"combined";1995;67.8;356034
"Population aged 18-64 as % of total population";"206";"Helsinki";"091";"combined";1996;67.9;361398
"Population aged 18-64 as % of total population";"206";"Helsinki";"091";"combined";1997;68.1;367271
"Population aged 18-64 as % of total population";"206";"Helsinki";"091";"combined";1998;68.3;373293
"Population aged 18-64 as % of total population";"206";"Helsinki";"091";"combined";1999;68.5;377624
"Population aged 18-64 as % of total population";"206";"Helsinki";"091";"combined";2000;68.7;381736
"Population aged 18-64 as % of total population";"206";"Helsinki";"091";"combined";2001;69.0;386069
"Population aged 18-64 as % of total population";"206";"Helsinki";"091";"combined";2002;69.0;386068
"Population aged 18-64 as % of total population";"206";"Helsinki";"091";"combined";2003;68.9;385572
"Population aged 18-64 as % of total population";"206";"Helsinki";"091";"combined";2004;68.8;384637
"Population aged 18-64 as % of total population";"206";"Helsinki";"091";"combined";2005;68.9;386249
"Population aged 18-64 as % of total population";"206";"Helsinki";"091";"combined";2006;68.8;388431
"Population aged 18-64 as % of total population";"206";"Helsinki";"091";"combined";2007;69.0;392427
"Population aged 18-64 as % of total population";"206";"Helsinki";"091";"combined";2008;69.0;396592
"Population aged 18-64 as % of total population";"206";"Helsinki";"091";"combined";2009;68.9;401969
"Population aged 18-64 as % of total population";"206";"Helsinki";"091";"combined";2010;68.6;403551
"Population aged 18-64 as % of total population";"206";"Helsinki";"091";"combined";2011;68.2;406154
"Population aged 18-64 as % of total population";"206";"Helsinki";"091";"combined";2012;67.9;410059
"Population aged 18-64 as % of total population";"206";"Helsinki";"091";"combined";2013;67.5;413813
"Population aged 18-64 as % of total population";"206";"Helsinki";"091";"combined";2014;67.2;417363
"Population aged 18-64 as % of total population";"206";"Helsinki";"091";"combined";2015;67.0;420614
"Population aged 18-64 as % of total population";"206";"Helsinki";"091";"combined";2016;66.7;423949
"Population aged 18-64 as % of total population";"206";"Helsinki";"091";"combined";2017;66.5;427555
"Population aged 18-64 as % of total population";"206";"Helsinki";"091";"combined";2018;66.2;429213
"Population aged 18-64 as % of total population";"206";"Helsinki";"091";"combined";2019;66.0;431467
"Population aged 18-64 as % of total population";"206";"Helsinki";"091";"combined";2020;65.7;431794
"Population aged 18-64 as % of total population";"206";"Helsinki";"091";"combined";2021;65.4;430944
"Population aged 18-64 as % of total population";"206";"Helsinki";"091";"combined";2022;65.4;434589
"Population aged 18-64 as % of total population";"206";"Helsinki";"091";"combined";2023;65.5;442093
"Population aged 18-64 as % of total population";"206";"Helsinki";"091";"combined";2024;65.6;448558
"Population aged 25-64 as % of total population";"169";"Helsinki";"091";"combined";1990;58.4;287524
"Population aged 25-64 as % of total population";"169";"Helsinki";"091";"combined";1991;58.8;292441
"Population aged 25-64 as % of total population";"169";"Helsinki";"091";"combined";1992;59.1;296383
"Population aged 25-64 as % of total population";"169";"Helsinki";"091";"combined";1993;59.1;300440
"Population aged 25-64 as % of total population";"169";"Helsinki";"091";"combined";1994;58.9;303569
"Population aged 25-64 as % of total population";"169";"Helsinki";"091";"combined";1995;58.7;308059
"Population aged 25-64 as % of total population";"169";"Helsinki";"091";"combined";1996;58.5;311324
"Population aged 25-64 as % of total population";"169";"Helsinki";"091";"combined";1997;58.4;315020
"Population aged 25-64 as % of total population";"169";"Helsinki";"091";"combined";1998;58.4;318866
"Population aged 25-64 as % of total population";"169";"Helsinki";"091";"combined";1999;58.4;322114
"Population aged 25-64 as % of total population";"169";"Helsinki";"091";"combined";2000;58.6;325437
"Population aged 25-64 as % of total population";"169";"Helsinki";"091";"combined";2001;58.8;329358
"Population aged 25-64 as % of total population";"169";"Helsinki";"091";"combined";2002;59.0;330029
"Population aged 25-64 as % of total population";"169";"Helsinki";"091";"combined";2003;59.0;329887
"Population aged 25-64 as % of total population";"169";"Helsinki";"091";"combined";2004;58.9;329519
"Population aged 25-64 as % of total population";"169";"Helsinki";"091";"combined";2005;59.0;330656
"Population aged 25-64 as % of total population";"169";"Helsinki";"091";"combined";2006;58.8;331826
"Population aged 25-64 as % of total population";"169";"Helsinki";"091";"combined";2007;58.9;334949
"Population aged 25-64 as % of total population";"169";"Helsinki";"091";"combined";2008;58.9;338142
"Population aged 25-64 as % of total population";"169";"Helsinki";"091";"combined";2009;58.8;343016
"Population aged 25-64 as % of total population";"169";"Helsinki";"091";"combined";2010;58.4;343874
"Population aged 25-64 as % of total population";"169";"Helsinki";"091";"combined";2011;58.0;345400
"Population aged 25-64 as % of total population";"169";"Helsinki";"091";"combined";2012;57.6;348065
"Population aged 25-64 as % of total population";"169";"Helsinki";"091";"combined";2013;57.4;351933
"Population aged 25-64 as % of total population";"169";"Helsinki";"091";"combined";2014;57.4;356237
"Population aged 25-64 as % of total population";"169";"Helsinki";"091";"combined";2015;57.4;360514
"Population aged 25-64 as % of total population";"169";"Helsinki";"091";"combined";2016;57.5;365251
"Population aged 25-64 as % of total population";"169";"Helsinki";"091";"combined";2017;57.5;370099
"Population aged 25-64 as % of total population";"169";"Helsinki";"091";"combined";2018;57.6;373340
"Population aged 25-64 as % of total population";"169";"Helsinki";"091";"combined";2019;57.7;377014
"Population aged 25-64 as % of total population";"169";"Helsinki";"091";"combined";2020;57.6;378328
"Population aged 25-64 as % of total population";"169";"Helsinki";"091";"combined";2021;57.3;377464
"Population aged 25-64 as % of total population";"169";"Helsinki";"091";"combined";2022;57.3;380296
"Population aged 25-64 as % of total population";"169";"Helsinki";"091";"combined";2023;57.3;386331
"Population aged 25-64 as % of total population";"169";"Helsinki";"091";"combined";2024;57.2;391463
"Population aged 65 and over as % of total population";"1068";"Helsinki";"091";"combined";1990;14.4;70674
"Population aged 65 and over as % of total population";"1068";"Helsinki";"091";"combined";1991;14.3;70996
"Population aged 65 and over as % of total population";"1068";"Helsinki";"091";"combined";1992;14.2;71282
"Population aged 65 and over as % of total population";"1068";"Helsinki";"091";"combined";1993;14.1;71593
"Population aged 65 and over as % of total population";"1068";"Helsinki";"091";"combined";1994;14.0;72215
"Population aged 65 and over as % of total population";"1068";"Helsinki";"091";"combined";1995;13.9;72745
"Population aged 65 and over as % of total population";"1068";"Helsinki";"091";"combined";1996;13.7;73144
"Population aged 65 and over as % of total population";"1068";"Helsinki";"091";"combined";1997;13.7;73687
"Population aged 65 and over as % of total population";"1068";"Helsinki";"091";"combined";1998;13.5;73771
"Population aged 65 and over as % of total population";"1068";"Helsinki";"091";"combined";1999;13.4;74036
"Population aged 65 and over as % of total population";"1068";"Helsinki";"091";"combined";2000;13.4;74566
"Population aged 65 and over as % of total population";"1068";"Helsinki";"091";"combined";2001;13.4;74871
"Population aged 65 and over as % of total population";"1068";"Helsinki";"091";"combined";2002;13.5;75326
"Population aged 65 and over as % of total population";"1068";"Helsinki";"091";"combined";2003;13.6;75928
"Population aged 65 and over as % of total population";"1068";"Helsinki";"091";"combined";2004;13.8;76999
"Population aged 65 and over as % of total population";"1068";"Helsinki";"091";"combined";2005;13.9;77862
"Population aged 65 and over as % of total population";"1068";"Helsinki";"091";"combined";2006;14.2;79978
"Population aged 65 and over as % of total population";"1068";"Helsinki";"091";"combined";2007;14.2;80681
"Population aged 65 and over as % of total population";"1068";"Helsinki";"091";"combined";2008;14.4;82526
"Population aged 65 and over as % of total population";"1068";"Helsinki";"091";"combined";2009;14.5;84791
"Population aged 65 and over as % of total population";"1068";"Helsinki";"091";"combined";2010;15.0;88066
"Population aged 65 and over as % of total population";"1068";"Helsinki";"091";"combined";2011;15.4;91685
"Population aged 65 and over as % of total population";"1068";"Helsinki";"091";"combined";2012;15.8;95380
"Population aged 65 and over as % of total population";"1068";"Helsinki";"091";"combined";2013;16.1;98828
"Population aged 65 and over as % of total population";"1068";"Helsinki";"091";"combined";2014;16.4;101709
"Population aged 65 and over as % of total population";"1068";"Helsinki";"091";"combined";2015;16.6;104064
"Population aged 65 and over as % of total population";"1068";"Helsinki";"091";"combined";2016;16.7;105992
"Population aged 65 and over as % of total population";"1068";"Helsinki";"091";"combined";2017;16.8;108368
"Population aged 65 and over as % of total population";"1068";"Helsinki";"091";"combined";2018;17.0;110303
"Population aged 65 and over as % of total population";"1068";"Helsinki";"091";"combined";2019;17.2;112618
"Population aged 65 and over as % of total population";"1068";"Helsinki";"091";"combined";2020;17.4;114306
"Population aged 65 and over as % of total population";"1068";"Helsinki";"091";"combined";2021;17.6;115982
"Population aged 65 and over as % of total population";"1068";"Helsinki";"091";"combined";2022;17.6;117159
"Population aged 65 and over as % of total population";"1068";"Helsinki";"091";"combined";2023;17.6;118639
"Population aged 65 and over as % of total population";"1068";"Helsinki";"091";"combined";2024;17.6;120475
"Population aged 65-74 as % of total population";"170";"Helsinki";"091";"combined";1990;7.7;38120
"Population aged 65-74 as % of total population";"170";"Helsinki";"091";"combined";1991;7.7;38332
"Population aged 65-74 as % of total population";"170";"Helsinki";"091";"combined";1992;7.7;38479
"Population aged 65-74 as % of total population";"170";"Helsinki";"091";"combined";1993;7.6;38552
"Population aged 65-74 as % of total population";"170";"Helsinki";"091";"combined";1994;7.7;39472
"Population aged 65-74 as % of total population";"170";"Helsinki";"091";"combined";1995;7.5;39509
"Population aged 65-74 as % of total population";"170";"Helsinki";"091";"combined";1996;7.4;39576
"Population aged 65-74 as % of total population";"170";"Helsinki";"091";"combined";1997;7.4;39697
"Population aged 65-74 as % of total population";"170";"Helsinki";"091";"combined";1998;7.2;39477
"Population aged 65-74 as % of total population";"170";"Helsinki";"091";"combined";1999;7.2;39406
"Population aged 65-74 as % of total population";"170";"Helsinki";"091";"combined";2000;7.1;39447
"Population aged 65-74 as % of total population";"170";"Helsinki";"091";"combined";2001;7.1;39506
"Population aged 65-74 as % of total population";"170";"Helsinki";"091";"combined";2002;7.1;39710
"Population aged 65-74 as % of total population";"170";"Helsinki";"091";"combined";2003;7.2;40007
"Population aged 65-74 as % of total population";"170";"Helsinki";"091";"combined";2004;7.2;40509
"Population aged 65-74 as % of total population";"170";"Helsinki";"091";"combined";2005;7.2;40519
"Population aged 65-74 as % of total population";"170";"Helsinki";"091";"combined";2006;7.4;42048
"Population aged 65-74 as % of total population";"170";"Helsinki";"091";"combined";2007;7.4;42179
"Population aged 65-74 as % of total population";"170";"Helsinki";"091";"combined";2008;7.6;43689
"Population aged 65-74 as % of total population";"170";"Helsinki";"091";"combined";2009;7.8;45478
"Population aged 65-74 as % of total population";"170";"Helsinki";"091";"combined";2010;8.2;48163
"Population aged 65-74 as % of total population";"170";"Helsinki";"091";"combined";2011;8.6;51417
"Population aged 65-74 as % of total population";"170";"Helsinki";"091";"combined";2012;9.0;54439
"Population aged 65-74 as % of total population";"170";"Helsinki";"091";"combined";2013;9.3;57061
"Population aged 65-74 as % of total population";"170";"Helsinki";"091";"combined";2014;9.5;58976
"Population aged 65-74 as % of total population";"170";"Helsinki";"091";"combined";2015;9.7;60865
"Population aged 65-74 as % of total population";"170";"Helsinki";"091";"combined";2016;9.6;61173
"Population aged 65-74 as % of total population";"170";"Helsinki";"091";"combined";2017;9.8;63132
"Population aged 65-74 as % of total population";"170";"Helsinki";"091";"combined";2018;9.8;63695
"Population aged 65-74 as % of total population";"170";"Helsinki";"091";"combined";2019;9.9;64429
"Population aged 65-74 as % of total population";"170";"Helsinki";"091";"combined";2020;9.7;63660
"Population aged 65-74 as % of total population";"170";"Helsinki";"091";"combined";2021;9.5;62688
"Population aged 65-74 as % of total population";"170";"Helsinki";"091";"combined";2022;9.3;61568
"Population aged 65-74 as % of total population";"170";"Helsinki";"091";"combined";2023;9.0;60762
"Population aged 65-74 as % of total population";"170";"Helsinki";"091";"combined";2024;8.8;60371
"Population aged 7-14 as % of total population";"673";"Helsinki";"091";"combined";1990;7.5;37042
"Population aged 7-14 as % of total population";"673";"Helsinki";"091";"combined";1991;7.5;37149
"Population aged 7-14 as % of total population";"673";"Helsinki";"091";"combined";1992;7.5;37535
"Population aged 7-14 as % of total population";"673";"Helsinki";"091";"combined";1993;7.4;37868
"Population aged 7-14 as % of total population";"673";"Helsinki";"091";"combined";1994;7.4;38262
"Population aged 7-14 as % of total population";"673";"Helsinki";"091";"combined";1995;7.5;39235
"Population aged 7-14 as % of total population";"673";"Helsinki";"091";"combined";1996;7.6;40209
"Population aged 7-14 as % of total population";"673";"Helsinki";"091";"combined";1997;7.6;40911
"Population aged 7-14 as % of total population";"673";"Helsinki";"091";"combined";1998;7.7;41824
"Population aged 7-14 as % of total population";"673";"Helsinki";"091";"combined";1999;7.8;42746
"Population aged 7-14 as % of total population";"673";"Helsinki";"091";"combined";2000;7.8;43476
"Population aged 7-14 as % of total population";"673";"Helsinki";"091";"combined";2001;7.9;44412
"Population aged 7-14 as % of total population";"673";"Helsinki";"091";"combined";2002;8.0;44835
"Population aged 7-14 as % of total population";"673";"Helsinki";"091";"combined";2003;8.0;44538
"Population aged 7-14 as % of total population";"673";"Helsinki";"091";"combined";2004;7.9;44029
"Population aged 7-14 as % of total population";"673";"Helsinki";"091";"combined";2005;7.7;43146
"Population aged 7-14 as % of total population";"673";"Helsinki";"091";"combined";2006;7.5;42108
"Population aged 7-14 as % of total population";"673";"Helsinki";"091";"combined";2007;7.2;41162
"Population aged 7-14 as % of total population";"673";"Helsinki";"091";"combined";2008;7.0;40325
"Population aged 7-14 as % of total population";"673";"Helsinki";"091";"combined";2009;6.9;40043
"Population aged 7-14 as % of total population";"673";"Helsinki";"091";"combined";2010;6.7;39638
"Population aged 7-14 as % of total population";"673";"Helsinki";"091";"combined";2011;6.7;39646
"Population aged 7-14 as % of total population";"673";"Helsinki";"091";"combined";2012;6.6;39962
"Population aged 7-14 as % of total population";"673";"Helsinki";"091";"combined";2013;6.6;40710
"Population aged 7-14 as % of total population";"673";"Helsinki";"091";"combined";2014;6.7;41467
"Population aged 7-14 as % of total population";"673";"Helsinki";"091";"combined";2015;6.8;42529
"Population aged 7-14 as % of total population";"673";"Helsinki";"091";"combined";2016;6.9;43865
"Population aged 7-14 as % of total population";"673";"Helsinki";"091";"combined";2017;7.1;45710
"Population aged 7-14 as % of total population";"673";"Helsinki";"091";"combined";2018;7.2;46919
"Population aged 7-14 as % of total population";"673";"Helsinki";"091";"combined";2019;7.4;48276
"Population aged 7-14 as % of total population";"673";"Helsinki";"091";"combined";2020;7.5;49394
"Population aged 7-14 as % of total population";"673";"Helsinki";"091";"combined";2021;7.6;50305
"Population aged 7-14 as % of total population";"673";"Helsinki";"091";"combined";2022;7.7;51398
"Population aged 7-14 as % of total population";"673";"Helsinki";"091";"combined";2023;7.8;52283
"Population aged 7-14 as % of total population";"673";"Helsinki";"091";"combined";2024;7.7;52853
"Population aged 7-15 as % of total population";"167";"Helsinki";"091";"combined";1990;8.5;41652
"Population aged 7-15 as % of total population";"167";"Helsinki";"091";"combined";1991;8.4;41779
"Population aged 7-15 as % of total population";"167";"Helsinki";"091";"combined";1992;8.4;42026
"Population aged 7-15 as % of total population";"167";"Helsinki";"091";"combined";1993;8.4;42473
"Population aged 7-15 as % of total population";"167";"Helsinki";"091";"combined";1994;8.3;42882
"Population aged 7-15 as % of total population";"167";"Helsinki";"091";"combined";1995;8.4;43841
"Population aged 7-15 as % of total population";"167";"Helsinki";"091";"combined";1996;8.4;44933
"Population aged 7-15 as % of total population";"167";"Helsinki";"091";"combined";1997;8.5;45989
"Population aged 7-15 as % of total population";"167";"Helsinki";"091";"combined";1998;8.6;46877
"Population aged 7-15 as % of total population";"167";"Helsinki";"091";"combined";1999;8.6;47661
"Population aged 7-15 as % of total population";"167";"Helsinki";"091";"combined";2000;8.7;48501
"Population aged 7-15 as % of total population";"167";"Helsinki";"091";"combined";2001;8.8;49200
"Population aged 7-15 as % of total population";"167";"Helsinki";"091";"combined";2002;8.9;49856
"Population aged 7-15 as % of total population";"167";"Helsinki";"091";"combined";2003;8.9;49899
"Population aged 7-15 as % of total population";"167";"Helsinki";"091";"combined";2004;8.9;49545
"Population aged 7-15 as % of total population";"167";"Helsinki";"091";"combined";2005;8.7;48746
"Population aged 7-15 as % of total population";"167";"Helsinki";"091";"combined";2006;8.5;47839
"Population aged 7-15 as % of total population";"167";"Helsinki";"091";"combined";2007;8.2;46854
"Population aged 7-15 as % of total population";"167";"Helsinki";"091";"combined";2008;8.0;45953
"Population aged 7-15 as % of total population";"167";"Helsinki";"091";"combined";2009;7.8;45678
"Population aged 7-15 as % of total population";"167";"Helsinki";"091";"combined";2010;7.7;45158
"Population aged 7-15 as % of total population";"167";"Helsinki";"091";"combined";2011;7.5;44842
"Population aged 7-15 as % of total population";"167";"Helsinki";"091";"combined";2012;7.5;45182
"Population aged 7-15 as % of total population";"167";"Helsinki";"091";"combined";2013;7.5;45747
"Population aged 7-15 as % of total population";"167";"Helsinki";"091";"combined";2014;7.5;46449
"Population aged 7-15 as % of total population";"167";"Helsinki";"091";"combined";2015;7.6;47675
"Population aged 7-15 as % of total population";"167";"Helsinki";"091";"combined";2016;7.7;48799
"Population aged 7-15 as % of total population";"167";"Helsinki";"091";"combined";2017;7.9;50683
"Population aged 7-15 as % of total population";"167";"Helsinki";"091";"combined";2018;8.1;52253
"Population aged 7-15 as % of total population";"167";"Helsinki";"091";"combined";2019;8.2;53657
"Population aged 7-15 as % of total population";"167";"Helsinki";"091";"combined";2020;8.4;54887
"Population aged 7-15 as % of total population";"167";"Helsinki";"091";"combined";2021;8.5;56065
"Population aged 7-15 as % of total population";"167";"Helsinki";"091";"combined";2022;8.6;57218
"Population aged 7-15 as % of total population";"167";"Helsinki";"091";"combined";2023;8.7;58531
"Population aged 7-15 as % of total population";"167";"Helsinki";"091";"combined";2024;8.7;59298
"Population aged 75 and over as % of total population";"171";"Helsinki";"091";"combined";1990;6.6;32554
"Population aged 75 and over as % of total population";"171";"Helsinki";"091";"combined";1991;6.6;32664
"Population aged 75 and over as % of total population";"171";"Helsinki";"091";"combined";1992;6.5;32803
"Population aged 75 and over as % of total population";"171";"Helsinki";"091";"combined";1993;6.5;33041
"Population aged 75 and over as % of total population";"171";"Helsinki";"091";"combined";1994;6.3;32743
"Population aged 75 and over as % of total population";"171";"Helsinki";"091";"combined";1995;6.3;33236
"Population aged 75 and over as % of total population";"171";"Helsinki";"091";"combined";1996;6.3;33568
"Population aged 75 and over as % of total population";"171";"Helsinki";"091";"combined";1997;6.3;33990
"Population aged 75 and over as % of total population";"171";"Helsinki";"091";"combined";1998;6.3;34294
"Population aged 75 and over as % of total population";"171";"Helsinki";"091";"combined";1999;6.3;34630
"Population aged 75 and over as % of total population";"171";"Helsinki";"091";"combined";2000;6.3;35119
"Population aged 75 and over as % of total population";"171";"Helsinki";"091";"combined";2001;6.3;35365
"Population aged 75 and over as % of total population";"171";"Helsinki";"091";"combined";2002;6.4;35616
"Population aged 75 and over as % of total population";"171";"Helsinki";"091";"combined";2003;6.4;35921
"Population aged 75 and over as % of total population";"171";"Helsinki";"091";"combined";2004;6.5;36490
"Population aged 75 and over as % of total population";"171";"Helsinki";"091";"combined";2005;6.7;37343
"Population aged 75 and over as % of total population";"171";"Helsinki";"091";"combined";2006;6.7;37930
"Population aged 75 and over as % of total population";"171";"Helsinki";"091";"combined";2007;6.8;38502
"Population aged 75 and over as % of total population";"171";"Helsinki";"091";"combined";2008;6.8;38837
"Population aged 75 and over as % of total population";"171";"Helsinki";"091";"combined";2009;6.7;39313
"Population aged 75 and over as % of total population";"171";"Helsinki";"091";"combined";2010;6.8;39903
"Population aged 75 and over as % of total population";"171";"Helsinki";"091";"combined";2011;6.8;40268
"Population aged 75 and over as % of total population";"171";"Helsinki";"091";"combined";2012;6.8;40941
"Population aged 75 and over as % of total population";"171";"Helsinki";"091";"combined";2013;6.8;41767
"Population aged 75 and over as % of total population";"171";"Helsinki";"091";"combined";2014;6.9;42733
"Population aged 75 and over as % of total population";"171";"Helsinki";"091";"combined";2015;6.9;43199
"Population aged 75 and over as % of total population";"171";"Helsinki";"091";"combined";2016;7.1;44819
"Population aged 75 and over as % of total population";"171";"Helsinki";"091";"combined";2017;7.0;45236
"Population aged 75 and over as % of total population";"171";"Helsinki";"091";"combined";2018;7.2;46608
"Population aged 75 and over as % of total population";"171";"Helsinki";"091";"combined";2019;7.4;48189
"Population aged 75 and over as % of total population";"171";"Helsinki";"091";"combined";2020;7.7;50646
"Population aged 75 and over as % of total population";"171";"Helsinki";"091";"combined";2021;8.1;53294
"Population aged 75 and over as % of total population";"171";"Helsinki";"091";"combined";2022;8.4;55591
"Population aged 75 and over as % of total population";"171";"Helsinki";"091";"combined";2023;8.6;57877
"Population aged 75 and over as % of total population";"171";"Helsinki";"091";"combined";2024;8.8;60104
"Population aged 75-84 as % of total population";"1069";"Helsinki";"091";"combined";1990;5.3;26112
"Population aged 75-84 as % of total population";"1069";"Helsinki";"091";"combined";1991;5.2;25884
"Population aged 75-84 as % of total population";"1069";"Helsinki";"091";"combined";1992;5.1;25535
"Population aged 75-84 as % of total population";"1069";"Helsinki";"091";"combined";1993;5.0;25418
"Population aged 75-84 as % of total population";"1069";"Helsinki";"091";"combined";1994;4.8;24622
"Population aged 75-84 as % of total population";"1069";"Helsinki";"091";"combined";1995;4.7;24805
"Population aged 75-84 as % of total population";"1069";"Helsinki";"091";"combined";1996;4.7;24915
"Population aged 75-84 as % of total population";"1069";"Helsinki";"091";"combined";1997;4.6;24972
"Population aged 75-84 as % of total population";"1069";"Helsinki";"091";"combined";1998;4.6;25127
"Population aged 75-84 as % of total population";"1069";"Helsinki";"091";"combined";1999;4.6;25305
"Population aged 75-84 as % of total population";"1069";"Helsinki";"091";"combined";2000;4.6;25651
"Population aged 75-84 as % of total population";"1069";"Helsinki";"091";"combined";2001;4.6;25887
"Population aged 75-84 as % of total population";"1069";"Helsinki";"091";"combined";2002;4.7;26084
"Population aged 75-84 as % of total population";"1069";"Helsinki";"091";"combined";2003;4.7;26221
"Population aged 75-84 as % of total population";"1069";"Helsinki";"091";"combined";2004;4.8;26931
"Population aged 75-84 as % of total population";"1069";"Helsinki";"091";"combined";2005;4.9;27297
"Population aged 75-84 as % of total population";"1069";"Helsinki";"091";"combined";2006;4.9;27563
"Population aged 75-84 as % of total population";"1069";"Helsinki";"091";"combined";2007;4.9;27864
"Population aged 75-84 as % of total population";"1069";"Helsinki";"091";"combined";2008;4.9;27923
"Population aged 75-84 as % of total population";"1069";"Helsinki";"091";"combined";2009;4.8;28134
"Population aged 75-84 as % of total population";"1069";"Helsinki";"091";"combined";2010;4.8;28376
"Population aged 75-84 as % of total population";"1069";"Helsinki";"091";"combined";2011;4.8;28473
"Population aged 75-84 as % of total population";"1069";"Helsinki";"091";"combined";2012;4.8;28934
"Population aged 75-84 as % of total population";"1069";"Helsinki";"091";"combined";2013;4.8;29496
"Population aged 75-84 as % of total population";"1069";"Helsinki";"091";"combined";2014;4.9;30186
"Population aged 75-84 as % of total population";"1069";"Helsinki";"091";"combined";2015;4.8;30250
"Population aged 75-84 as % of total population";"1069";"Helsinki";"091";"combined";2016;5.0;31611
"Population aged 75-84 as % of total population";"1069";"Helsinki";"091";"combined";2017;4.9;31692
"Population aged 75-84 as % of total population";"1069";"Helsinki";"091";"combined";2018;5.1;32946
"Population aged 75-84 as % of total population";"1069";"Helsinki";"091";"combined";2019;5.2;34294
"Population aged 75-84 as % of total population";"1069";"Helsinki";"091";"combined";2020;5.6;36523
"Population aged 75-84 as % of total population";"1069";"Helsinki";"091";"combined";2021;5.9;39016
"Population aged 75-84 as % of total population";"1069";"Helsinki";"091";"combined";2022;6.2;41256
"Population aged 75-84 as % of total population";"1069";"Helsinki";"091";"combined";2023;6.4;43254
"Population aged 75-84 as % of total population";"1069";"Helsinki";"091";"combined";2024;6.5;44775
"Population aged 80 and over as % of total population";"3079";"Helsinki";"091";"combined";1990;3.5;17321
"Population aged 80 and over as % of total population";"3079";"Helsinki";"091";"combined";1991;3.6;17906
"Population aged 80 and over as % of total population";"3079";"Helsinki";"091";"combined";1992;3.7;18491
"Population aged 80 and over as % of total population";"3079";"Helsinki";"091";"combined";1993;3.7;18756
"Population aged 80 and over as % of total population";"3079";"Helsinki";"091";"combined";1994;3.7;19101
"Population aged 80 and over as % of total population";"3079";"Helsinki";"091";"combined";1995;3.7;19231
"Population aged 80 and over as % of total population";"3079";"Helsinki";"091";"combined";1996;3.6;19195
"Population aged 80 and over as % of total population";"3079";"Helsinki";"091";"combined";1997;3.6;19433
"Population aged 80 and over as % of total population";"3079";"Helsinki";"091";"combined";1998;3.6;19686
"Population aged 80 and over as % of total population";"3079";"Helsinki";"091";"combined";1999;3.5;19438
"Population aged 80 and over as % of total population";"3079";"Helsinki";"091";"combined";2000;3.6;19912
"Population aged 80 and over as % of total population";"3079";"Helsinki";"091";"combined";2001;3.6;20209
"Population aged 80 and over as % of total population";"3079";"Helsinki";"091";"combined";2002;3.6;20398
"Population aged 80 and over as % of total population";"3079";"Helsinki";"091";"combined";2003;3.7;20568
"Population aged 80 and over as % of total population";"3079";"Helsinki";"091";"combined";2004;3.7;20914
"Population aged 80 and over as % of total population";"3079";"Helsinki";"091";"combined";2005;3.8;21569
"Population aged 80 and over as % of total population";"3079";"Helsinki";"091";"combined";2006;3.9;21915
"Population aged 80 and over as % of total population";"3079";"Helsinki";"091";"combined";2007;3.9;22346
"Population aged 80 and over as % of total population";"3079";"Helsinki";"091";"combined";2008;4.0;22880
"Population aged 80 and over as % of total population";"3079";"Helsinki";"091";"combined";2009;4.0;23436
"Population aged 80 and over as % of total population";"3079";"Helsinki";"091";"combined";2010;4.1;24001
"Population aged 80 and over as % of total population";"3079";"Helsinki";"091";"combined";2011;4.1;24457
"Population aged 80 and over as % of total population";"3079";"Helsinki";"091";"combined";2012;4.1;24816
"Population aged 80 and over as % of total population";"3079";"Helsinki";"091";"combined";2013;4.1;25041
"Population aged 80 and over as % of total population";"3079";"Helsinki";"091";"combined";2014;4.1;25271
"Population aged 80 and over as % of total population";"3079";"Helsinki";"091";"combined";2015;4.1;25718
"Population aged 80 and over as % of total population";"3079";"Helsinki";"091";"combined";2016;4.1;25920
"Population aged 80 and over as % of total population";"3079";"Helsinki";"091";"combined";2017;4.1;26439
"Population aged 80 and over as % of total population";"3079";"Helsinki";"091";"combined";2018;4.2;27008
"Population aged 80 and over as % of total population";"3079";"Helsinki";"091";"combined";2019;4.3;27949
"Population aged 80 and over as % of total population";"3079";"Helsinki";"091";"combined";2020;4.3;28267
"Population aged 80 and over as % of total population";"3079";"Helsinki";"091";"combined";2021;4.5;29650
"Population aged 80 and over as % of total population";"3079";"Helsinki";"091";"combined";2022;4.4;29491
"Population aged 80 and over as % of total population";"3079";"Helsinki";"091";"combined";2023;4.5;30398
"Population aged 80 and over as % of total population";"3079";"Helsinki";"091";"combined";2024;4.6;31590
"Population aged 85 and over as % of total population";"675";"Helsinki";"091";"combined";1990;1.3;6442
"Population aged 85 and over as % of total population";"675";"Helsinki";"091";"combined";1991;1.4;6780
"Population aged 85 and over as % of total population";"675";"Helsinki";"091";"combined";1992;1.4;7268
"Population aged 85 and over as % of total population";"675";"Helsinki";"091";"combined";1993;1.5;7623
"Population aged 85 and over as % of total population";"675";"Helsinki";"091";"combined";1994;1.6;8121
"Population aged 85 and over as % of total population";"675";"Helsinki";"091";"combined";1995;1.6;8431
"Population aged 85 and over as % of total population";"675";"Helsinki";"091";"combined";1996;1.6;8653
"Population aged 85 and over as % of total population";"675";"Helsinki";"091";"combined";1997;1.7;9018
"Population aged 85 and over as % of total population";"675";"Helsinki";"091";"combined";1998;1.7;9167
"Population aged 85 and over as % of total population";"675";"Helsinki";"091";"combined";1999;1.7;9325
"Population aged 85 and over as % of total population";"675";"Helsinki";"091";"combined";2000;1.7;9468
"Population aged 85 and over as % of total population";"675";"Helsinki";"091";"combined";2001;1.7;9478
"Population aged 85 and over as % of total population";"675";"Helsinki";"091";"combined";2002;1.7;9532
"Population aged 85 and over as % of total population";"675";"Helsinki";"091";"combined";2003;1.7;9700
"Population aged 85 and over as % of total population";"675";"Helsinki";"091";"combined";2004;1.7;9559
"Population aged 85 and over as % of total population";"675";"Helsinki";"091";"combined";2005;1.8;10046
"Population aged 85 and over as % of total population";"675";"Helsinki";"091";"combined";2006;1.8;10367
"Population aged 85 and over as % of total population";"675";"Helsinki";"091";"combined";2007;1.9;10638
"Population aged 85 and over as % of total population";"675";"Helsinki";"091";"combined";2008;1.9;10914
"Population aged 85 and over as % of total population";"675";"Helsinki";"091";"combined";2009;1.9;11179
"Population aged 85 and over as % of total population";"675";"Helsinki";"091";"combined";2010;2.0;11527
"Population aged 85 and over as % of total population";"675";"Helsinki";"091";"combined";2011;2.0;11795
"Population aged 85 and over as % of total population";"675";"Helsinki";"091";"combined";2012;2.0;12007
"Population aged 85 and over as % of total population";"675";"Helsinki";"091";"combined";2013;2.0;12271
"Population aged 85 and over as % of total population";"675";"Helsinki";"091";"combined";2014;2.0;12547
"Population aged 85 and over as % of total population";"675";"Helsinki";"091";"combined";2015;2.1;12949
"Population aged 85 and over as % of total population";"675";"Helsinki";"091";"combined";2016;2.1;13208
"Population aged 85 and over as % of total population";"675";"Helsinki";"091";"combined";2017;2.1;13544
"Population aged 85 and over as % of total population";"675";"Helsinki";"091";"combined";2018;2.1;13662
"Population aged 85 and over as % of total population";"675";"Helsinki";"091";"combined";2019;2.1;13895
"Population aged 85 and over as % of total population";"675";"Helsinki";"091";"combined";2020;2.1;14123
"Population aged 85 and over as % of total population";"675";"Helsinki";"091";"combined";2021;2.2;14278
"Population aged 85 and over as % of total population";"675";"Helsinki";"091";"combined";2022;2.2;14335
"Population aged 85 and over as % of total population";"675";"Helsinki";"091";"combined";2023;2.2;14623
"Population aged 85 and over as % of total population";"675";"Helsinki";"091";"combined";2024;2.2;15329
"Population aged 90 and over as % of total population";"4160";"Helsinki";"091";"combined";1990;0.3;1721
"Population aged 90 and over as % of total population";"4160";"Helsinki";"091";"combined";1991;0.4;1832
"Population aged 90 and over as % of total population";"4160";"Helsinki";"091";"combined";1992;0.4;1890
"Population aged 90 and over as % of total population";"4160";"Helsinki";"091";"combined";1993;0.4;1940
"Population aged 90 and over as % of total population";"4160";"Helsinki";"091";"combined";1994;0.4;2108
"Population aged 90 and over as % of total population";"4160";"Helsinki";"091";"combined";1995;0.4;2281
"Population aged 90 and over as % of total population";"4160";"Helsinki";"091";"combined";1996;0.5;2405
"Population aged 90 and over as % of total population";"4160";"Helsinki";"091";"combined";1997;0.5;2550
"Population aged 90 and over as % of total population";"4160";"Helsinki";"091";"combined";1998;0.5;2707
"Population aged 90 and over as % of total population";"4160";"Helsinki";"091";"combined";1999;0.5;2926
"Population aged 90 and over as % of total population";"4160";"Helsinki";"091";"combined";2000;0.6;3069
"Population aged 90 and over as % of total population";"4160";"Helsinki";"091";"combined";2001;0.6;3124
"Population aged 90 and over as % of total population";"4160";"Helsinki";"091";"combined";2002;0.6;3187
"Population aged 90 and over as % of total population";"4160";"Helsinki";"091";"combined";2003;0.6;3242
"Population aged 90 and over as % of total population";"4160";"Helsinki";"091";"combined";2004;0.6;3360
"Population aged 90 and over as % of total population";"4160";"Helsinki";"091";"combined";2005;0.6;3490
"Population aged 90 and over as % of total population";"4160";"Helsinki";"091";"combined";2006;0.6;3530
"Population aged 90 and over as % of total population";"4160";"Helsinki";"091";"combined";2007;0.6;3637
"Population aged 90 and over as % of total population";"4160";"Helsinki";"091";"combined";2008;0.7;3801
"Population aged 90 and over as % of total population";"4160";"Helsinki";"091";"combined";2009;0.6;3724
"Population aged 90 and over as % of total population";"4160";"Helsinki";"091";"combined";2010;0.7;4008
"Population aged 90 and over as % of total population";"4160";"Helsinki";"091";"combined";2011;0.7;4176
"Population aged 90 and over as % of total population";"4160";"Helsinki";"091";"combined";2012;0.7;4274
"Population aged 90 and over as % of total population";"4160";"Helsinki";"091";"combined";2013;0.7;4328
"Population aged 90 and over as % of total population";"4160";"Helsinki";"091";"combined";2014;0.7;4439
"Population aged 90 and over as % of total population";"4160";"Helsinki";"091";"combined";2015;0.7;4592
"Population aged 90 and over as % of total population";"4160";"Helsinki";"091";"combined";2016;0.7;4729
"Population aged 90 and over as % of total population";"4160";"Helsinki";"091";"combined";2017;0.8;4857
"Population aged 90 and over as % of total population";"4160";"Helsinki";"091";"combined";2018;0.8;5018
"Population aged 90 and over as % of total population";"4160";"Helsinki";"091";"combined";2019;0.8;5229
"Population aged 90 and over as % of total population";"4160";"Helsinki";"091";"combined";2020;0.8;5435
"Population aged 90 and over as % of total population";"4160";"Helsinki";"091";"combined";2021;0.8;5531
"Population aged 90 and over as % of total population";"4160";"Helsinki";"091";"combined";2022;0.8;5551
"Population aged 90 and over as % of total population";"4160";"Helsinki";"091";"combined";2023;0.8;5503
"Population aged 90 and over as % of total population";"4160";"Helsinki";"091";"combined";2024;0.8;5676
